0,0,34,2.9154354388927266,2.950188804076836,0.08773572785104278,0.08586752580320911,1.0568235166815796,1.0661710507322801,.
0,1,35,1.275216360220518,1.285609907057422,0.2587903704911596,0.25685856787334005,0.5870518876646901,0.5903059432039877,.
0,36,2,3.7430555555555562,3.8264947523023007,0.053027391202527085,0.05044833152495398,1.275499738414462,1.2971531925883795,.
0,37,3,4.025527318210244,3.957794465476197,0.04481660750796648,0.046654793809008915,1.3485610214362216,1.3311037255972953,.
0,38,4,1.8684355997788833,1.9201527729962853,0.1716543597900826,0.16583981972123762,0.7653451616018804,0.7803111830205285,.
0,39,5,4.189755154639176,4.116749508607035,0.040668970555466255,0.042460586779313914,1.3907368206551327,1.3720140084446952,.
0,40,6,1.7737556561085972,1.7968682141420578,0.1829179691591094,0.18009157410901055,0.7377436290051568,0.7445066059120836,.
0,41,7,1.7984954398074813,1.8315930441712263,0.1798944953472722,0.17593949889281424,0.7449821255754053,0.7546366493118978,.
0,42,8,.,.,.,.,.,.,.
0,43,9,5.284709139567231,5.328950936158998,0.021513485425468937,0.020974006025994085,1.6672892233445986,1.6783186115554969,.
0,44,10,0.2596430072869956,0.2600602008514168,0.6103655196654048,0.6100787990314946,0.21441000821505127,0.21461406699846025,.
0,45,11,3.8396528095020566,3.763205283966178,0.05005388493819779,0.052392054820307704,1.3005622090589133,1.2807345681559712,.
0,46,12,0.6787592173621585,0.684651121190506,0.41001431081767636,0.4079897135027373,0.38720098474201214,0.3893507864819728,.
0,47,13,4.030596331459926,4.048989582341706,0.04468214441024704,0.04419779175877758,1.3498659921547052,1.354599428635863,.
0,48,14,10.175770866560343,10.059059564980634,0.0014229819284498832,0.0015160059261479335,2.8468006153228353,2.8192991010203796,.
0,49,15,2.4412939150822432,2.4536044403140744,0.11817870795012797,0.11725534050179065,0.9274607624795304,0.930867367822781,.
0,50,16,3.1208312263719327,3.1506836760634336,0.07729734391333443,0.07589515811685194,1.1118354290260573,1.1197859299043624,.
0,51,17,5.221499470659255,5.251213706676772,0.022309306406218976,0.021931468436772766,1.6515139316719776,1.6589322888588658,.
0,52,18,3.40113756868794,3.456146256106155,0.06515147341473987,0.063017026689769,1.1860757581761803,1.2005420918425829,.
0,53,19,3.2235610713849163,3.217765823619372,0.07258556267710015,0.0728429881447708,1.1391497522088088,1.1376122470044232,.
0,54,20,.,.,.,.,.,.,.
0,55,21,2.5837468982630276,2.571203017767785,0.10796582236121055,0.1088249441948752,0.9667137029302422,0.9632715468754938,.
0,56,22,1.4697110586954552,1.4613600791078298,0.22539128766004812,0.22671384188646182,0.6470628753098464,0.6445219634579874,.
0,57,23,0.28234641322596254,0.28137277468282096,0.5951674025155262,0.5958028601126248,0.22536086324059285,0.22489741631374255,.
0,58,24,1.0735440487461463,1.0677601794579534,0.3001462990897885,0.3014519167730052,0.5226670072799282,0.5207819503413631,.
0,59,25,.,.,.,.,.,.,.
0,60,26,0.5554717082381667,0.5582965835657472,0.4560905359218973,0.45494739023127406,0.34094893946601235,0.3420388219215057,.
0,61,27,5.35493153563865,5.3869164961252896,0.020663745590550647,0.020288291464288677,1.684790953781127,1.6927545246213602,.
0,62,28,2.2871940293461357,2.2634459816437493,0.13044556146523312,0.13245902397122833,0.8845706935967337,0.8779184493908324,.
0,63,29,0.5362008128991916,0.5401162219416018,0.46401151167662,0.4623845643057992,0.33347124488559937,0.3349966723139711,.
0,64,30,4.336059965991818,4.2888360052506425,0.037313176112718976,0.038363421428761924,1.4281377820628993,1.4160826673676548,.
0,65,31,10.7431200265252,10.474861934763933,0.001046677166550514,0.0012100983207307889,2.980187249940642,2.9171793417363654,.
0,66,32,3.7368426197697353,3.711894634953624,0.053224931073373144,0.05402603299228767,1.2738848923034132,1.2673969205379843,.
0,67,33,3.621350364963505,3.558080479225082,0.0570425555179723,0.05925622471087366,1.2438010262401196,1.227266021426068,.
1,0,34,3.549790242518608,3.4799759077386963,0.05955297799643877,0.06211564405727649,1.2250965163796421,1.206799007357805,.
1,1,35,0.9185248814009331,0.9253913768010529,0.33786258854706586,0.33606334329587506,0.47125989489891856,0.47357885638662217,.
1,36,2,3.5598383679426586,3.6466869914636777,0.05919350244602456,0.05618086103948955,1.227725962309281,1.2504116089964303,.
1,37,3,3.7217549560083096,3.6426686483037587,0.05370789348841282,0.056316597310148014,1.2699618810316688,1.2493635934623468,.
1,38,4,1.6612659842812143,1.6545261599435999,0.19743247987122414,0.19834401437392124,0.7045813994450147,0.7025809011318552,.
1,39,5,4.7524301873358725,4.651740923445899,0.029256948331657456,0.031022070050043593,1.5337709752660313,1.5083292258223564,.
1,40,6,2.1520648314318405,2.1870607045480313,0.1423782962064909,0.13917468060824922,0.8465562084249104,0.8564397666815886,.
1,41,7,2.0967298060166497,2.1437820432558645,0.1476145584955757,0.14314860060050394,0.8308708080787225,0.8442128932200965,.
1,42,8,.,.,.,.,.,.,.
1,43,9,5.218431744096737,5.267478332250761,0.022348696936362683,0.021727464960622528,1.6507477937779067,1.6629909417805848,.
1,44,10,0.26784036193075744,0.2681008979647075,0.6047841685482216,0.6046085601840209,0.21839958589662722,0.21852570827568993,.
1,45,11,5.3997935509434,5.260365268233361,0.020139133636987494,0.02181643961586327,1.695959216243603,1.6612161236537042,.
1,46,12,0.8740995402327925,0.8839725938974667,0.3498228771652704,0.3471159216686933,0.4561517926224631,0.459525465457742,.
1,47,13,2.1080588986150133,2.1145972298416766,0.1465250754007792,0.14590043428667543,0.8340880464613826,0.8359434153853283,.
1,48,14,7.62054348367404,7.5288953401692265,0.00577070943891312,0.006071712601186982,2.238770792309516,2.2166887935474526,.
1,49,15,1.7692589357417643,1.7775423882015235,0.183473818167309,0.18245139681078282,0.7364259010943062,0.7388528074163889,.
1,50,16,4.568669726050524,4.630398214547114,0.03256184129100148,0.031410272570915665,1.4872910448174914,1.5029282948803562,.
1,51,17,3.4619498466530714,3.477408618258985,0.06279622312991118,0.062212091014030746,1.2020664760584165,1.2061252013161698,.
1,52,18,3.6690963847829945,3.664651037902526,0.05543022799383723,0.05557828071490897,1.2562533350777212,1.2550948920238636,.
1,53,19,2.9065924979892728,2.900666799031167,0.0882180827727711,0.08854291880486898,1.0544423848964668,1.052846165664663,.
1,54,20,.,.,.,.,.,.,.
1,55,21,2.180239320107716,2.1689464646896615,0.1397927226750706,0.140822680587672,0.8545154364896441,0.8513273930574309,.
1,56,22,1.194950614730044,1.1878055809681314,0.27433322835518137,0.27577264388876355,0.5617215856973349,0.5594488171935391,.
1,57,23,0.28525566302063304,0.28410981211118136,0.5932769785681717,0.5940200658177129,0.2267425036342098,0.22619888443510308,.
1,58,24,1.815667583451673,1.8017302644072979,0.17782984278841252,0.17950345502588572,0.7499953554536942,0.7459271878420055,.
1,59,25,.,.,.,.,.,.,.
1,60,26,1.1802453326899838,1.190476818169888,0.2773060563609365,0.2752333975170883,0.5570406453322981,0.5602988688473278,.
1,61,27,3.145288466335652,3.158734770590636,0.07614653524580711,0.0755216934779116,1.1183498527725864,1.121928280099471,.
1,62,28,3.0219143408088445,2.982210649835491,0.08214644541221311,0.08418421816801569,1.0854112243319094,1.0747693171102517,.
1,63,29,0.635893267356516,0.6417395315797296,0.42520182876653956,0.4230815887166718,0.3714048762712506,0.373575873493407,.
1,64,30,2.6417607938730723,2.7578022761764265,0.10408812304258175,0.09678110745105484,0.9825988227597736,1.014209412635224,.
1,65,31,4.541878128082207,4.644478112489613,0.0330752833150077,0.03115360853842583,1.4804964270613228,1.5064916415390133,.
1,66,32,2.15978745522558,2.333840813996625,0.14166428457663482,0.12658919259432477,0.8487396272852614,0.8976033701243346,.
1,67,33,1.5593609779312245,1.5324378448609914,0.2117588099130665,0.21574693612468154,0.6741585124398048,0.6660553630917436,.
2,0,34,1.8801652892561984,1.8659646607928806,0.17031536272619385,0.1719379683778861,0.7687461761930442,0.7646282091988225,.
2,1,35,0.011656288916562892,0.011713363584190895,0.9140240153597926,0.9138146015460759,0.039042393323914196,0.03914190677470602,.
2,36,2,0.5672727272727274,0.5627552861910446,0.45134470170708363,0.45315222128415256,0.3454916513163081,0.3437558868194752,.
2,37,3,2.4739710993232116,2.8001890088502384,0.11574516360768561,0.09425319533161158,0.9364971468532202,1.025703917606375,.
2,38,4,0.04316981132075472,0.04309560416124775,0.8354058550283983,0.8355453589465054,0.07810248526240599,0.07802996874430315,.
2,39,5,2.3636363636363638,2.338016810770382,0.12419239344721611,0.12625019227156198,0.9059050030730006,0.8987679518040352,.
2,40,6,1.058909090909091,1.0547990596921142,0.3034641279199217,0.3044044034906397,0.5178926389122327,0.5165490693855205,.
2,41,7,3.494449760765551,3.527952523877204,0.061574867226287355,0.060342260869625686,1.2105965159558167,1.2193784219567183,.
2,42,8,.,.,.,.,.,.,.
2,43,9,4.056624213145953,4.706801782718587,0.043998373575111854,0.030043494124359943,1.3565633771594774,1.5222495593282515,.
2,44,10,2.6999640675530006,2.6821099194466163,0.10035050809862711,0.10148119202336281,0.9984804242340803,0.9936144400891687,.
2,45,11,3.109638854296389,3.1781971084353433,0.07783021628959663,0.07462702894291956,1.1088517626483922,1.1271038482011262,.
2,46,12,0.9454545454545454,0.9564196343504292,0.330879008739134,0.3280905998637613,0.4803307839973912,0.4840062124234004,.
2,47,13,2.6012845849802373,2.6007893136605666,0.10677713644236098,0.1068105076551118,0.9715217302654946,0.9713860207891223,.
2,48,14,4.482154882154881,4.6429385373706324,0.03425051058576026,0.031181566792624377,1.4653329499255587,1.5061020664308409,.
2,49,15,1.4810905584290348,1.5266790462566413,0.22360397225072093,0.21661154573924724,0.6505204856190419,0.6643183985084434,.
2,50,16,1.6825589225589228,1.6661490717176224,0.1945847786313839,0.19677512947237452,0.710891135367488,0.7060297931783657,.
2,51,17,2.5002676181980372,2.477908390140228,0.11382695397815268,0.11545569984651749,0.9437548857626166,0.9375846218564986,.
2,52,18,2.2704415584415587,2.262371105344502,0.13186232789578867,0.13255097375617542,0.8798792614956121,0.8776170774715868,.
2,53,19,1.5801346801346798,1.5657307584720042,0.20874129497748373,0.21082809586730733,0.6803916266087747,0.6760715136347188,.
2,54,20,.,.,.,.,.,.,.
2,55,21,0.32828282828282823,0.330568123365781,0.5666719747099614,0.5653247478058367,0.24666826526530167,0.2477020023335119,.
2,56,22,1.5384740259740262,1.5205918673311039,0.2148450863139837,0.21752994804763115,0.667874574542915,0.6624809438749473,.
2,57,23,0.20103445252914875,0.19985057158379083,0.653887158231873,0.6548414873665083,0.18449719171477033,0.18386381373844682,.
2,58,24,0.7857407178981127,0.7759866759325738,0.37539115421551617,0.378371374198719,0.42551596538716063,0.42208172770840274,.
2,59,25,.,.,.,.,.,.,.
2,60,26,2.473971099323212,2.800189008850239,0.11574516360768561,0.09425319533161147,0.9364971468532202,1.0257039176063756,.
2,61,27,3.109638854296389,3.1781971084353433,0.07783021628959663,0.07462702894291956,1.1088517626483922,1.1271038482011262,.
2,62,28,3.078538205980067,3.115969763969744,0.07933179785552397,0.07752831583973152,1.100552703410963,1.1105396501779914,.
2,63,29,0.7857407178981127,0.7759866759325738,0.37539115421551617,0.378371374198719,0.42551596538716063,0.42208172770840274,.
2,64,30,0.2161038961038961,0.21383266055921468,0.642024725426302,0.643779846334581,0.19244824621552095,0.1912626231190005,.
2,65,31,0.046245059288537546,0.04620805732827257,0.8297309521677111,0.8297980411273911,0.08106270874570065,0.0810275947282665,.
2,66,32,2.6012845849802373,2.6007893136605666,0.10677713644236098,0.1068105076551118,0.9715217302654946,0.9713860207891223,.
2,67,33,2.4732542819499344,2.4529398637681314,0.11579794909954166,0.1173049838353788,0.9362991323412208,0.9306835359985077,.
3,0,34,2.1284952076069406,2.1580686542012097,0.1445826333811321,0.14182285104316916,0.8398838694183537,0.8482537883179168,.
3,1,35,0.878231127292541,0.8866757888773626,0.34868661744409,0.3463797301648195,0.4575647204809648,0.4604475304397288,.
3,36,2,2.4230703592140137,2.4861812208096232,0.1195603864519158,0.11485009279838154,0.9224126898717724,0.9398686495607379,.
3,37,3,4.170881028685723,4.065440357630846,0.04112440971488007,0.04376927141902179,1.3859003227054383,1.358830682569705,.
3,38,4,1.7170727175215148,1.7065501075170755,0.19007028695465045,0.19143358890311157,0.7210857696165095,0.7179818586415065,.
3,39,5,5.509244342707022,5.342020487285069,0.01891621789835586,0.020817331315960863,1.7231656919335978,1.681574945768701,.
3,40,6,0.25138533855103595,0.25317039886425174,0.616101302858334,0.6148514964454729,0.2103478728108967,0.2112297656265639,.
3,41,7,2.366165470887805,2.4063011429330046,0.12399128088577538,0.12084760756352808,0.9066088535178578,0.9177619429579678,.
3,42,8,.,.,.,.,.,.,.
3,43,9,4.667303011519746,4.720363125138699,0.0307421676445927,0.029807447895747352,1.5122655134499556,1.5256752065316677,.
3,44,10,0.04094011566150471,0.04087584362940919,0.8396535581610983,0.839777764871874,0.07589986728832913,0.07583562853266965,.
3,45,11,1.4152333818042055,1.3870921582589995,0.23418956113458744,0.23889677888591554,0.6304324672597467,0.6217897059282443,.
3,46,12,2.6562386746317252,2.774640905079946,0.10314438124535052,0.09576813266589634,0.986554425088819,1.0187789805846292,.
3,47,13,1.4080048006687358,1.4111368884656046,0.2353878902198847,0.23486775496221668,0.6282158836589463,0.629176603500083,.
3,48,14,3.360235481305508,3.3972322760568465,0.06678851747268322,0.06530591091093613,1.17529819660981,1.185047508467275,.
3,49,15,1.8669323308990788,1.8784469573419122,0.1718268373690901,0.1705107661895774,0.7649090034207026,0.768248194096071,.
3,50,16,5.6527094775268765,5.768417444644868,0.017428423123453607,0.01631672186266825,1.7587419049016266,1.7873670894521074,.
3,51,17,2.621552846820441,2.8267127456215917,0.10542122899535511,0.0927079456515656,0.9770719251084471,1.0328830425032884,.
3,52,18,6.407363740616028,6.393000874894002,0.01136480266459372,0.011457118107389308,1.9444381008472442,1.9409246098953181,.
3,53,19,2.2947477977481086,2.289830721723713,0.12981229489652457,0.13022412516043191,0.8866841723057306,0.8853085514554354,.
3,54,20,.,.,.,.,.,.,.
3,55,21,1.2506964969456134,1.2440945974982536,0.26341949183378666,0.2646833818070069,0.5793520923861744,0.5772733250986428,.
3,56,22,1.4420339695211177,1.4246804686307846,0.22981048338629906,0.23263455455048476,0.6386301637548952,0.6333257765550424,.
3,57,23,0.3466656676239016,0.3445094765040423,0.5560067107656606,0.5572377603452171,0.2549199666357347,0.2539594619646571,.
3,58,24,4.641621640324776,4.572506209160303,0.031205502039906463,0.03248900180726899,1.5057688260166928,1.4882636317222522,.
3,59,25,.,.,.,.,.,.,.
3,60,26,2.4207314067407517,2.461024626342055,0.11973901227520722,0.11670263219835075,0.9217643286623265,0.9329193484419718,.
3,61,27,4.378564807387138,4.405390216490204,0.03639362903038759,0.03582552769389774,1.4389746361068199,1.4458074039212643,.
3,62,28,1.214966127308162,1.1881429008459001,0.2703508186244894,0.2757044754791491,0.5680723110391233,0.5595561839844602,.
3,63,29,0.31085839043020436,0.3146298920228961,0.5771539197940205,0.5748528982114243,0.23870835044420327,0.24044327473356605,.
3,64,30,4.694235237162948,4.717538536511297,0.03026396416496019,0.029856452337823858,1.5190741859556396,1.5249617981394918,.
3,65,31,4.166596972618052,4.298254830155324,0.04122852939474714,0.03815150341691409,1.3848021560338803,1.4184883433498645,.
3,66,32,1.3709408221472523,1.3550458424942335,0.2416503032169557,0.2443979291124131,0.6168126555825472,0.6119024783757273,.
3,67,33,2.969165587663753,2.8717761100504076,0.08486561733261766,0.09014533699471028,1.0712682252701078,1.0450567333879772,.
4,0,34,4.639722627848504,4.642623548342807,0.031240051265411822,0.03118729012934579,1.5052882621101278,1.506022359548726,.
4,1,35,0.026956966322112957,0.02698641052602363,0.8695849047787918,0.8695143382094661,0.06068800782260673,0.06072325212715734,.
4,36,2,1.1119192911691795,1.1282291286770565,0.2916651174925339,0.28815338434550186,0.535115508438712,0.5403762752880913,.
4,37,3,3.3373945568280297,3.40245225972412,0.06772176451772699,0.06509957078790152,1.1692717346988293,1.1864218747967916,.
4,38,4,0.40742470928906566,0.41414895497887716,0.5232795237678675,0.5198711360465622,0.2812662591235329,0.28410429451812336,.
4,39,5,1.694452257923749,1.6904878393043263,0.19301510189951598,0.19353667370317496,0.7144087095671622,0.7132367274007022,.
4,40,6,4.866463791768922,5.01627358959554,0.027383558662028157,0.025110151783361567,1.562510113292849,1.6001506620988202,.
4,41,7,0.9630699127410557,0.971656116091056,0.32641462557081047,0.32426749537846766,0.4862303901681956,0.4890965828881377,.
4,42,8,.,.,.,.,.,.,.
4,43,9,3.72059663179551,3.9244087922991238,0.05374516328828599,0.047589920851797696,1.2696606133048833,1.3224850174886158,.
4,44,10,0.5782064393352455,0.5816969218552043,0.4470161993922438,0.44564794939135466,0.34967673821217066,0.35100808750275087,.
4,45,11,7.247569395519235,9.517448909033018,0.007099704915254031,0.0020352731837044655,2.1487597014696647,2.691377289528348,.
4,46,12,1.8104330997253881,1.807941346533391,0.17845628423346538,0.17875538216121867,0.748468154013377,0.7477408731200091,.
4,47,13,1.9194010121794185,1.953496393868555,0.16592270742783866,0.16221057869162814,0.7800941743387297,0.7899208263419577,.
4,48,14,0.6919437720304071,0.6942155663146863,0.40550401769922084,0.40473420089453704,0.39200483847882384,0.3928300952570866,.
4,49,15,0.02515427410318479,0.02515942282548831,0.8739832485779903,0.873970460105368,0.0584968913013658,0.05850324611850347,.
4,50,16,0.31380830854825986,0.3134848889181909,0.5753526033038443,0.5755495499887977,0.24006591750899206,0.23991728131243165,.
4,51,17,2.230928446559967,2.2552761537350525,0.13527254026767466,0.1331596993846471,0.8687903543304245,0.8756271939579678,.
4,52,18,2.8621352050969806,3.231319898623528,0.0906870468484493,0.07224244132133861,1.0424547403266342,1.1412075861376443,.
4,53,19,2.5141160152384496,2.505596385843394,0.11283088829086219,0.11344253232845891,0.9475719927468759,0.9452240874853999,.
4,54,20,.,.,.,.,.,.,.
4,55,21,1.33249720461626,1.329322207520325,0.24836144795732662,0.24892583355521736,0.6049158168642091,0.6039300299149711,.
4,56,22,1.573986778216616,1.646949235822647,0.20962898021058063,0.19937466552550664,0.6785486783890463,0.700330028178298,.
4,57,23,0.03560727245273048,0.035645588159943696,0.850328818775276,0.8502492643042715,0.0704131018560785,0.07045373517734373,.
4,58,24,1.0607893815974376,1.069860278714205,0.3030352143694133,0.30097700765980373,0.5185069011422618,0.5214666799140285,.
4,59,25,.,.,.,.,.,.,.
4,60,26,2.1947081493520533,2.207540448953924,0.13848543684395953,0.13733747861120804,0.8585958946923058,0.8622109301127093,.
4,61,27,1.6251476858257758,1.6191987243208033,0.20237550756110223,0.20320355023086556,0.6938420490194988,0.6920687086312025,.
4,62,28,4.4001751506132365,4.3956162322624,0.03593523974275503,0.036031436106007425,1.4444794533922265,1.443318427844542,.
4,63,29,0.9861350379721592,0.9986995981643827,0.320688843205273,0.3176253717620551,0.49391614895422087,0.4980848136248025,.
4,64,30,8.898823568231666,9.597513686306186,0.0028535444240318196,0.0019484101159533002,2.544615361957951,2.7103196242802654,.
4,65,31,3.280182257311047,3.2948594070611015,0.07012114164434258,0.0694970572914741,1.1541510217596158,1.158033584318252,.
4,66,32,5.736918972655568,6.299148696871836,0.016611907563015338,0.012079596916124077,1.7795804941877347,1.9179475574387084,.
4,67,33,2.7671956957140975,3.0007671662632536,0.09621458838048569,0.0832250994282252,1.0167590737750352,1.0797456773235479,.
6,0,34,3.609013030888031,3.8385186209115894,0.05746721499659879,0.05008775644950528,1.2405798493412756,1.300268420964137,.
6,1,35,.,.,.,.,.,.,.
6,36,2,1.4303772522522522,1.4309878911673133,0.23170288059189836,0.23160328178554845,0.6350685669118392,0.6352552910099876,.
6,37,3,3.226049710424711,3.599795474095743,0.0724753167179576,0.05778668007334686,1.1398098780969972,1.2381722556502885,.
6,38,4,0.11655405405405407,0.11676886817722232,0.7328023714189678,0.7325656832627204,0.13501313391921047,0.13515342954085388,.
6,39,5,2.6243429340357305,2.661276814902937,0.10523606045912648,0.102818169737247,0.9778354182154357,0.9879301312615231,.
6,40,6,0.9931264790135756,1.0301770126935454,0.3189794344282282,0.3101170961097064,0.49623731632292045,0.5084742913523275,.
6,41,7,3.4967016724829225,3.6853261585688415,0.06149118225162775,0.0548932344514505,1.2111871569728785,1.260481178709518,.
6,42,8,.,.,.,.,.,.,.
6,43,9,2.6243429340357305,2.661276814902937,0.10523606045912648,0.102818169737247,0.9778354182154357,0.9879301312615231,.
6,44,10,1.4277871621621623,1.4281890362684455,0.23212591450933173,0.2320602162106551,0.6342763722534597,0.634399307459352,.
6,45,11,1.5081001900337838,1.6273211490135657,0.21942920952898637,0.20207397200115995,0.6587055613880324,0.6944896218841522,.
6,46,12,1.864864864864865,1.8889544142400259,0.17206437354163062,0.1693199005065995,0.7643090423741853,0.771291995392024,.
6,47,13,1.5561975768872323,1.5591052252836395,0.21222283776173745,0.21179628058802624,0.6732078825448724,0.6740816709248492,.
6,48,14,4.511967718992336,4.578270805985878,0.033658498030808254,0.032379874795649244,1.4729052677863899,1.4897248348804761,.
6,49,15,2.239048789048789,2.312118797652874,0.13456373671255473,0.12836896302974665,0.8710719614160318,0.8915399670325806,.
6,50,16,3.364137446168696,3.4062319337696545,0.06663046796898836,0.06495059885853627,1.1763271365197123,1.1874168402836593,.
6,51,17,2.3391532368517165,2.3499786801688693,0.12615811394781895,0.12528472081825082,0.8990848122931162,0.9021018904498537,.
6,52,18,2.1480661956679397,2.152920102462117,0.14274958809172955,0.1422990213954114,0.8454251362502194,0.8467980865919924,.
6,53,19,0.8164968845614482,0.8152536826653176,0.36620638936483996,0.36657154232879763,0.4362740826403148,0.435841253201641,.
6,54,20,.,.,.,.,.,.,.
6,55,21,0.38826928354853885,0.3899752865494553,0.5332105454468242,0.5323123924653098,0.27310127001572454,0.2738334231440715,.
6,56,22,0.8727725606962895,0.872541632411415,0.3501888885243899,0.35025263707343135,0.4556976381757632,0.45561858620028,.
6,57,23,0.10995665476797553,0.10976370104041844,0.7401934891224828,0.7404133192947719,0.13065473935792166,0.1305257773256795,.
6,58,24,0.35112365500296533,0.3501996059951284,0.5534777444407857,0.5540001597093527,0.25689983758721313,0.2564901100714248,.
6,59,25,.,.,.,.,.,.,.
6,60,26,1.5081001900337838,1.6273211490135657,0.21942920952898637,0.20207397200115995,0.6587055613880324,0.6944896218841522,.
6,61,27,2.4505489864864867,2.5674315527981437,0.11748377262132748,0.10908471554931998,0.9300221159258967,0.9622360965024674,.
6,62,28,3.631107068607069,3.6781374694427575,0.05670908243197656,0.05513040251130624,1.2463473796572777,1.258608836691762,.
6,63,29,2.9812043088170133,3.0630848578977994,0.08423657256721073,0.08008948505013669,1.0744993121149435,1.096424498703072,.
6,64,30,0.08749122499122498,0.08777512871423093,0.7673911046669013,0.7670249051861452,0.11498323930042043,0.11519053434396329,.
6,65,31,0.2487434080421885,0.24863995545931605,0.6179612754953019,0.618034358781044,0.2090387390950648,0.20898738022797184,.
6,66,32,2.1962520011300497,2.2025413416700728,0.13834675854545941,0.13778341810593486,0.8590310118921067,0.8608030455518434,.
6,67,33,1.7133445945945944,1.7266074746240239,0.19055200085975255,0.1888447348780009,0.7199864866305316,0.7238951190986042,.
7,0,34,4.2575515494285385,4.409059461563211,0.03907620448221369,0.035748545981758806,1.4080876264395017,1.4467416177773245,.
7,1,35,0.7683110511427483,0.7803489999865376,0.380740049802326,0.37703442444393054,0.41937143762398665,0.42361899551432985,.
7,36,2,1.4258712960154885,1.4033295339446263,0.23243942874430878,0.23616689271804114,0.6336902005775223,0.6267809844432365,.
7,37,3,1.765123384253819,1.9246132088543364,0.1839867519311833,0.16534899378812018,0.7352134474813454,0.7815984435902944,.
7,38,4,7.366698375394028,7.22016810906809,0.00664428148212131,0.007208895601565686,2.1775519771323606,2.142131263835883,.
7,39,5,3.5763575554879905,3.415128563467668,0.058607526276501676,0.06460138141256394,1.2320466090592181,1.1897581951095715,.
7,40,6,0.8654923123918135,0.8874264243774381,0.35220625737928846,0.3461756766113069,0.45320293252218957,0.4607034502809447,.
7,41,7,6.81969216121866,6.515559429381715,0.009015810760102355,0.010693467746655347,2.044995212612552,1.97088143613648,.
7,42,8,.,.,.,.,.,.,.
7,43,9,4.85538741600163,4.834125211869125,0.027559923713716045,0.02790179298378015,1.5597219888964153,1.554367887839591,.
7,44,10,0.2566585573328314,0.2570766399301442,0.6124251205990099,0.6121356933304787,0.21294700361424043,0.21315229626536267,.
7,45,11,3.860011441647597,3.904910949258982,0.04944999114013429,0.04814517902993237,1.3058337818785537,1.3174471940123569,.
7,46,12,5.537780955359936,6.021645601311143,0.018610166295920022,0.014131464102201036,1.7302497461020245,1.8498128403760168,.
7,47,13,6.651530720229856,6.6994965413641685,0.009907067641031664,0.009644013909848967,2.0040548718286346,2.015742171898245,.
7,48,14,13.897860078948142,14.345758183549568,1.930181039304182E-4,1.5212204150835294E-4,3.71440195488681,3.817807854902165,.
7,49,15,1.9202736290800069,1.9388980790261992,0.16582649878164468,0.16378822891805767,0.7803460687489812,0.7857173131960349,.
7,50,16,1.3334998851028474,1.3536624213190327,0.24818353775478053,0.244638866467637,0.6052270290394185,0.6114745442273356,.
7,51,17,8.886112005725531,8.978972657840712,0.0028734797770576907,0.002731041555790077,2.5415918549921446,2.563671691543527,.
7,52,18,1.981025627948489,2.06321126923454,0.15928240069392885,0.1508918883687842,0.7978322072732829,0.8213341063567144,.
7,53,19,3.574908728841686,3.7316664884905473,0.058658672215830765,0.05339010082947224,1.231667771833889,1.2725392589577484,.
7,54,20,.,.,.,.,.,.,.
7,55,21,0.08187290969899666,0.08209248135098302,0.7747751652446329,0.7744815199641227,0.11082430866804692,0.11098894055598027,.
7,56,22,0.49767427904325073,0.4933740619747807,0.48052381013665557,0.4824260608683366,0.3182850880063244,0.3165692394549645,.
7,57,23,0.3404479578392622,0.3372811239738125,0.5595707662384007,0.5614028287225694,0.25214498251649203,0.2507254034302798,.
7,58,24,3.3521948582818153,3.277553824135507,0.06711546838191662,0.07023353689162776,1.1731773746341765,1.1534554603913547,.
7,59,25,.,.,.,.,.,.,.
7,60,26,0.4073789170085412,0.4166035332002058,0.5233028704236484,0.5186366990139757,0.28124688305943224,0.2851367555663771,.
7,61,27,4.501261291684254,4.579805524481096,0.0338698621931553,0.032350886266905715,1.4701865703726114,1.4901138171419783,.
7,62,28,0.719153936545241,0.7555538060790983,0.3964215735848705,0.38472353936972015,0.4018427188842463,0.4148512405046686,.
7,63,29,3.15342537482764,3.203809244835561,0.07576775705031757,0.07346696902928829,1.1205155689613178,1.1339078771422577,.
7,64,30,3.1542706113767447,3.175197341866131,0.0757285270265377,0.0747641798409126,1.1207404904283644,1.1263064265133882,.
7,65,31,4.612378339784301,4.877626248960327,0.03174198076682061,0.027207010192066727,1.4983659758401722,1.5653191806909952,.
7,66,32,0.5118563676559255,0.49749977424929603,0.47433635109758976,0.48060076450117417,0.3239135916117762,0.3182155426907178,.
7,67,33,1.9273231267174593,1.8059758451453223,0.16505160604714897,0.1789917200215072,0.7823802453777718,0.7471670585851399,.
8,0,34,2.7773508129235873,2.9651717887625066,0.0956061921907283,0.08507542086289499,1.019513978569354,1.0701958937986433,.
8,1,35,0.21449471827510444,0.21549477885851412,0.643267069858817,0.6424943229546352,0.19160868044271612,0.1921307053824546,.
8,36,2,1.1381763703750303,1.1602479380825526,0.2860379996426241,0.28141412619644124,0.5435762677840413,0.5506541059944356,.
8,37,3,5.452317221031275,5.3524491901681985,0.01954238915065215,0.020693183476172466,1.7090223427914215,1.6841726915584654,.
8,38,4,1.1506243627200938,1.1574607748505277,0.2834184867880356,0.28199277650530985,0.5475718250547602,0.5497620163759004,.
8,39,5,2.312157733962788,2.304957924421812,0.12836574801099676,0.12896177277070564,0.8915508441352265,0.8895390054766135,.
8,40,6,1.9917427767649083,1.982300227134018,0.15815877596253558,0.15914829222843307,0.800906704814601,0.7981980172990083,.
8,41,7,0.9035254339972378,0.912327246676882,0.3418381683181404,0.339497684850381,0.4661794472779634,0.46916318297444437,.
8,42,8,.,.,.,.,.,.,.
8,43,9,3.1276713049994855,3.1740210687723347,0.07697361905279815,0.07481803353205296,1.1136580938262497,1.1259937106981115,.
8,44,10,0.511847067843833,0.5135918592029364,0.4743403659073242,0.47358808805972485,0.3239099157342463,0.3245992297542886,.
8,45,11,4.806352461448269,4.859328320260657,0.028355001959195353,0.027497039136129248,1.5473703183703047,1.5607140682086462,.
8,46,12,4.802257085356121,5.154434566582191,0.028422477624050313,0.02318708402857178,1.5463380667479945,1.6347538641229853,.
8,47,13,1.7913964675226641,1.7870394864060903,0.1807561098314805,0.18128728850757403,0.7429070139711841,0.7416326466742486,.
8,48,14,2.898507094179449,2.911516606949021,0.08866163203977995,0.08794913444918884,1.0522642786835696,1.0557684302916912,.
8,49,15,0.765727568481817,0.764397008631788,0.38154201699853685,0.3819559832982965,0.4184576287554583,0.41798668240791825,.
8,50,16,4.915264809074617,5.028563300823258,0.02662038218376503,0.024932572611693654,1.5747857137332917,1.603232907480218,.
8,51,17,2.407066839124601,2.4069874043042305,0.12078849875081188,0.12079462932557927,0.917974416433874,0.9179523745403515,.
8,52,18,6.642005909587136,6.569036311349762,0.0099601725057442,0.010376812379670183,2.0017331397244917,1.9839360355557092,.
8,53,19,0.7426377530554941,0.7401736939225698,0.38881721976183403,0.3896052434428272,0.41025450948151226,0.40937520686795414,.
8,54,20,.,.,.,.,.,.,.
8,55,21,3.5150610264280835,3.491732891880678,0.06081341722015804,0.06167599226304754,1.2160005920788486,1.2098838547137898,.
8,56,22,1.589828591949422,1.5819125459743624,0.20735062495480294,0.2084854216557518,0.6832946513343817,0.68092430767255,.
8,57,23,0.24652635771769346,0.24508288004059683,0.6195316663755939,0.6205588542345432,0.20793649044900425,0.20721702342037945,.
8,58,24,1.6304787211561476,1.6430780238351845,0.20163684748008381,0.19990367362780692,0.6954301012195372,0.6991792247832069,.
8,59,25,.,.,.,.,.,.,.
8,60,26,3.3063250817484335,3.3851765428510685,0.06901366428450523,0.06578513346111942,1.1610649130911348,1.1818722399009558,.
8,61,27,2.7248629553972754,2.7397668796567096,0.09879660128457335,0.09787904477101472,1.005257995379415,1.0093102777009346,.
8,62,28,3.803962021153709,3.7320241090212773,0.051131458267204194,0.053378671762335156,1.2913118210350758,1.2726322370952583,.
8,63,29,3.9635558147769334,3.9365862993965006,0.04649538943399503,0.04724656129690025,1.3325901103928224,1.3256297948611002,.
8,64,30,1.8928990735840254,1.8649433371498323,0.16887529698701953,0.17205535078315082,0.7724338742114504,0.7643318166236295,.
8,65,31,0.8003847306875117,0.8009372994443967,0.37097836626738023,0.3708132800825893,0.4306514156804871,0.43084472068905555,.
8,66,32,1.4895459025097302,1.4743588241066767,0.22228692899568414,0.22465922670236016,0.6530860741068789,0.6484757403309843,.
8,67,33,1.5239158713222933,1.4947596955839626,0.2170278656316571,0.2214794322182807,0.6634845006532694,0.6546665985102202,.
9,0,34,2.9378084122170143,2.9620928910916504,0.08652806088131515,0.08523754536633965,1.06284302883993,1.069369065400858,.
9,1,35,0.8636801330745059,0.8673676031328741,0.35271087763101083,0.35168509964593875,0.45258114645023734,0.45384603167916604,.
9,36,2,1.072386517186517,1.0814917996472282,0.3004070096685927,0.29836406982198294,0.5222899377635009,0.5252534775049092,.
9,37,3,2.734173806376463,2.7468844026237713,0.09822228665145527,0.0974441390153562,1.0077899595492599,1.0112442773245724,.
9,38,4,0.8047643351564919,0.8170784600696648,0.36967271819953174,0.36603574246210613,0.43218259912284085,0.43647650478001865,.
9,39,5,1.9692477858339887,1.9750387329074115,0.16052772789149194,0.15991404306299173,0.7944499412641007,0.7961133964353143,.
9,40,6,6.444028128734011,6.621340892433556,0.011132592784275017,0.010076394235653763,1.953403676566762,1.9966948492108836,.
9,41,7,1.5187454807785485,1.5243416401089638,0.21780943815127785,0.21696365414780927,0.6619233052588014,0.6636130132717998,.
9,42,8,.,.,.,.,.,.,.
9,43,9,4.040148776990882,4.212509407930547,0.04442990467905142,0.04012693341246523,1.3523246185035898,1.396564028726987,.
9,44,10,1.2946658279991614,1.3029125605090612,0.2551898751833961,0.2536818955396155,0.5931365605120433,0.5957105258716976,.
9,45,11,6.495751633986928,8.808425293907124,0.010813257031524387,0.0029984270384491585,1.9660434736908552,2.5231065145048546,.
9,46,12,0.7634296771100919,0.7656856513642183,0.3822573406012012,0.3815550486423507,0.4176441659496895,0.41844279559398023,.
9,47,13,4.146448279781613,4.165477923666522,0.04172195023266706,0.04125577233873981,1.3796353992989558,1.384515278157039,.
9,48,14,1.611263531305837,1.6124970903250566,0.2043142794719326,0.20414114311909282,0.6897012795782753,0.6900694576608752,.
9,49,15,0.14182756852002498,0.1417687059420992,0.7064708793635299,0.7065289722571996,0.15090573500774715,0.15087002456780083,.
9,50,16,0.4246717972417319,0.424849418387943,0.5146150657087047,0.5145271438164393,0.2885175036709875,0.2885917091450005,.
9,51,17,5.719627215474092,5.751105451161463,0.01677629195802964,0.01647828435335874,1.7753040244443639,1.7830880071204507,.
9,52,18,3.3772198008360372,3.765395470199628,0.06610347455692761,0.05232348364838349,1.179775712356384,1.2813033488025962,.
9,53,19,1.9337787252317167,1.9451051354947384,0.16434562559490806,0.16311529693298965,0.7842418510911864,0.7875053089654243,.
9,54,20,.,.,.,.,.,.,.
9,55,21,1.5398531997262366,1.5405601892091956,0.21463965740766944,0.21453444138283717,0.6682900335250731,0.6685029761981593,.
9,56,22,1.43067042410326,1.4751136673757743,0.23165505608705994,0.2245406020976668,0.6351582164763798,0.6487051171433998,.
9,57,23,0.05074863020355683,0.0507747618713095,0.8217656843538952,0.821720572946868,0.08525199815191202,0.08527583970831167,.
9,58,24,1.162050831616049,1.1681564950319359,0.28104062174154865,0.27978035514226895,0.5512309024324233,0.5531827828850403,.
9,59,25,.,.,.,.,.,.,.
9,60,26,2.6776876788453223,2.7612418819607347,0.10176339448485938,0.09657324343808427,0.9924084148495943,1.015143182454019,.
9,61,27,5.6491006546937115,5.738859829511383,0.017464326745490796,0.016593560749037034,1.7578481518731173,1.7800604103754678,.
9,62,28,4.541740835516769,4.589466261607391,0.033077936094991794,0.03216903030752913,1.480461596172677,1.4925620301280709,.
9,63,29,0.9867303306012982,0.9940124080881835,0.3205428254330417,0.3187636803243057,0.49411393929096653,0.4965311676188068,.
9,64,30,2.745248612955785,2.75197137969289,0.09754390471694485,0.09713459796874213,1.0107998634350368,1.012626052989833,.
9,65,31,0.9029196003191274,0.9044380983140361,0.3420000634663507,0.34159447468599935,0.46597381335005406,0.46648916266918045,.
9,66,32,1.2335507919821647,1.2338791772823432,0.2667176033244043,0.2666539547689746,0.5739483199893101,0.5740519708725115,.
9,67,33,2.332528545474844,2.3812849557029105,0.12669592925757145,0.12279650509844942,0.8972373387817126,0.9108139934396169,.
10,0,34,6.0,4.947779178563232,0.014305878435429659,0.026124206093302377,1.8444854697044506,1.5829568987578997,.
10,1,35,.,.,.,.,.,.,.
10,36,2,0.3835227272727273,0.4135877066747431,0.535723936062617,0.5201541212167382,0.27105894898334854,0.28386795621760125,.
10,37,3,1.875,3.0320584705884683,0.17090352023079725,0.0816343878239078,0.7672489916908193,1.0881268596748188,.
10,38,4,1.5,2.470149007942638,0.22067136191984682,0.11602692452690344,0.6562540246416523,0.9354412192503878,.
10,39,5,1.2053571428571428,1.2159517716980943,0.2722535810629987,0.2701565840066299,0.5650263990812001,0.5683844437720015,.
10,40,6,0.18633540372670812,0.19754543211559916,0.6659842930165438,0.6567094401416613,0.17653601337727018,0.18262674072174861,.
10,41,7,1.2918660287081338,1.4214544158515425,0.2557043499428404,0.23316416166060439,0.5922618838621929,0.6323382017223548,.
10,42,8,.,.,.,.,.,.,.
10,43,9,1.2053571428571428,1.215951771698094,0.2722535810629987,0.27015658400663,0.5650263990812001,0.5683844437720013,.
10,44,10,2.9813664596273295,2.651662687912088,0.08422813437297094,0.10344165087056034,1.0745428186898835,0.9853045569767199,.
10,45,11,1.2918660287081338,1.4214544158515425,0.2557043499428404,0.23316416166060439,0.5922618838621929,0.6323382017223548,.
10,46,12,2.906698564593302,2.8167075982870253,0.08821228017273552,0.09328757680331912,1.054470951829448,1.0301761878183504,.
10,47,13,1.66289592760181,1.660700456697128,0.19721277472613763,0.1975087761431108,0.7050649564669368,0.7044136020838742,.
10,48,14,.,.,.,.,.,.,.
10,49,15,1.4285714285714288,1.3420050148714715,0.23199772362873405,0.2466806891096449,0.634516276403625,0.6078648470298329,.
10,50,16,2.282608695652174,3.6217788081983975,0.13083165052036727,0.05702786820052336,0.8832871796849036,1.24391286278371,.
10,51,17,10.208333333333332,8.617848206057802,0.0013980746412115726,0.0033288485998496514,2.854469641608246,2.477705956644198,.
10,52,18,6.136363636363637,5.529802239965676,0.013242937567462018,0.018695218286550033,1.878015668383327,1.7282694596303445,.
10,53,19,2.98136645962733,2.6516626879120877,0.08422813437297094,0.10344165087056045,1.0745428186898835,0.9853045569767194,.
10,54,20,.,.,.,.,.,.,.
10,55,21,0.03968253968253969,0.03910003174020629,0.8421025696707305,0.8432506206603969,0.07463500739697806,0.07404333048351479,.
10,56,22,3.75,3.560593136448215,0.05280751141611359,0.059166593626004405,1.2773042984027259,1.2279234334611042,.
10,57,23,.,.,.,.,.,.,.
10,58,24,0.5357142857142857,0.5461638724139525,0.4642143127710314,0.45988938401937185,0.33328147339829856,0.3373466154640572,.
10,59,25,.,.,.,.,.,.,.
10,60,26,1.66289592760181,1.660700456697128,0.19721277472613763,0.1975087761431108,0.7050649564669368,0.7044136020838742,.
10,61,27,0.5741626794258373,0.5590194449700743,0.44860950370628305,0.45465559306274095,0.3481315302103028,0.3423174619585406,.
10,62,28,0.4192546583850932,0.39467333664065485,0.5173091896977362,0.5298530698053938,0.28624980653279297,0.2758445451528578,.
10,63,29,0.3835227272727273,0.4135877066747431,0.535723936062617,0.5201541212167382,0.27105894898334854,0.28386795621760125,.
10,64,30,0.30542986425339363,0.311531327142981,0.5804982381935844,0.5767420185959761,0.23619909400286745,0.2390184068696515,.
10,65,31,0.9375,1.029080159709974,0.3329216080655659,0.3103748096373079,0.47765801632097316,0.5081135338038459,.
10,66,32,2.282608695652174,3.6217788081983975,0.13083165052036727,0.05702786820052336,0.8832871796849036,1.24391286278371,.
10,67,33,1.5,2.470149007942638,0.22067136191984682,0.11602692452690344,0.6562540246416523,0.9354412192503878,.
11,0,34,2.423188405797102,2.489107600958672,0.11955137905449564,0.11463670890960787,0.9224454098258863,0.9406762905356367,.
11,1,35,.,.,.,.,.,.,.
11,36,2,0.22490530303030304,0.22956179453533843,0.6353274751385691,0.6318489417367791,0.19700236291901738,0.19938673755874703,.
11,37,3,1.154132231404959,1.2492071049250795,0.2826857966124311,0.26370396998426027,0.5486960118423096,0.5788833319840432,.
11,38,4,0.2115283267457181,0.211055488890185,0.64557214544556,0.6459413775846441,0.1900552164214604,0.18980689461598962,.
11,39,5,1.2162878787878788,1.275080207036409,0.270090389417205,0.25881579558658374,0.5684908689681697,0.5870092221039719,.
11,40,6,0.8752176941832115,0.8664538476251926,0.34951486865658743,0.35193890784113346,0.45653434427264544,0.4535327180280036,.
11,41,7,4.715650826446281,4.775902253354758,0.02988924944825369,0.028860719340175284,1.5244849904332647,1.5396928485171115,.
11,42,8,.,.,.,.,.,.,.
11,43,9,1.7827922077922083,1.7692403139127224,0.18180683287683208,0.18347612411881808,0.740389798644638,0.7364204427911398,.
11,44,10,0.7822793148880106,0.7911376946573092,0.3764449495520401,0.37375633320222335,0.42429852505112503,0.42741143960002176,.
11,45,11,1.8947406759906762,1.8854788088160424,0.16866818802676953,0.16971274976273687,0.77296682059537,0.7702855298472846,.
11,46,12,1.763257575757576,1.749623818117818,0.18421871313215732,0.18592403065488605,0.7346662558045014,0.7306644740993543,.
11,47,13,0.44842657342657344,0.44582974076459037,0.5030830981095089,0.5043220259149481,0.2983602732548102,0.2972920639161602,.
11,48,14,1.8914535984848488,2.0847685251659147,0.1690380612416118,0.148774772451709,0.7720154970069634,0.8274707053081198,.
11,49,15,1.397229874502602,1.443981236081732,0.23718793105458036,0.22949617489918595,0.6249074131566289,0.6392245486191831,.
11,50,16,1.7827922077922083,1.7692403139127233,0.18180683287683208,0.18347612411881786,0.740389798644638,0.7364204427911404,.
11,51,17,0.982858891949801,0.9754026268384255,0.32149400956854646,0.32333646533140614,0.4928271149188023,0.490345313640348,.
11,52,18,1.0416783216783219,1.0622067122794727,0.30743145972127683,0.3027124241752711,0.5122516928406107,0.5189697540020247,.
11,53,19,1.8914535984848488,2.0847685251659147,0.1690380612416118,0.148774772451709,0.7720154970069634,0.8274707053081198,.
11,54,20,.,.,.,.,.,.,.
11,55,21,1.8947406759906762,1.8854788088160426,0.16866818802676953,0.16971274976273687,0.77296682059537,0.7702855298472846,.
11,56,22,2.7204545454545457,2.903550497645734,0.09906979945437144,0.0883846780697084,1.004058716142889,1.0536230156036304,.
11,57,23,1.397229874502602,1.443981236081732,0.23718793105458036,0.22949617489918595,0.6249074131566289,0.6392245486191831,.
11,58,24,0.44842657342657344,0.44582974076459037,0.5030830981095089,0.5043220259149481,0.2983602732548102,0.2972920639161602,.
11,59,25,.,.,.,.,.,.,.
11,60,26,0.7959782153330541,0.7863617391175055,0.3722985438352482,0.37520252791843345,0.4291086624266607,0.4257342442339968,.
11,61,27,2.918495297805643,2.907810979449953,0.08756948807848952,0.08815144805172404,1.0576471891222536,1.0547705492102863,.
11,62,28,3.2555335968379446,3.2703383351952247,0.07118276551497577,0.07054307359789608,1.1476251432700433,1.151545621822974,.
11,63,29,5.1818181818181825,7.366421523929923,0.022824427925560914,0.006645304530941101,1.6416000988708017,2.1774851120761287,.
11,64,30,0.21152832674571806,0.211055488890185,0.6455721454455601,0.6459413775846441,0.1900552164214603,0.18980689461598962,.
11,65,31,1.912574016022292,2.0250826198066987,0.16667761292483496,0.15472050865892306,0.7781227279231562,0.8104521154728087,.
11,66,32,1.763257575757576,1.749623818117818,0.18421871313215732,0.18592403065488605,0.7346662558045014,0.7306644740993543,.
11,67,33,0.7822793148880106,0.7911376946573092,0.3764449495520401,0.37375633320222335,0.42429852505112503,0.42741143960002176,.
12,0,34,12.024987974987976,11.925337843344101,5.249203728402837E-4,5.53755840952401E-4,3.2799065713728077,3.256681679856877,.
12,1,35,.,.,.,.,.,.,.
12,36,2,.,.,.,.,.,.,.
12,37,3,4.305555555555555,6.3842856662211505,0.037988085672828575,0.011513508842152825,1.420352591222184,1.938792301169965,.
12,38,4,0.2599378881987578,0.2680368871162473,0.6101628296389972,0.6046516952056409,0.2145542525676958,0.21849472519857183,.
12,39,5,2.09959706959707,1.965849081703886,0.147337961331379,0.16088914869008997,0.831685343634507,0.7934732462859093,.
12,40,6,1.0717142857142856,1.0201303947213243,0.30055855010356924,0.31248808115211635,0.5220709129790676,0.5051665427633674,.
12,41,7,0.8276507936507935,0.9079181877336462,0.3629527072738382,0.340667388799046,0.44014995983458083,0.46766943832084573,.
12,42,8,.,.,.,.,.,.,.
12,43,9,6.038961038961039,8.669155940841405,0.013993517137159295,0.003236410597363234,1.8540731160095039,2.4899363854352026,.
12,44,10,0.5845117845117845,0.6096527991153224,0.4445492595548365,0.4349185673581173,0.3520801087825461,0.3615920512239596,.
12,45,11,3.77358943577431,3.9941588827569117,0.052067785016202184,0.045658235885746606,1.2834308969872916,1.340480872519161,.
12,46,12,3.3467346938775506,3.8017625685656142,0.0673384665495152,0.051198661219676395,1.1717367777113188,1.2907413951278552,.
12,47,13,7.029478458049887,9.92101791087569,0.008017870051978737,0.001634019873142014,2.0959409867691967,2.78674266583088,.
12,48,14,0.40489795918367344,0.39800637304845576,0.5245705258806939,0.5281206489304578,0.2801961148264452,0.2772668517479398,.
12,49,15,2.838827838827839,4.339083428251243,0.09201131228221326,0.03724696976585659,1.0361587752661188,1.4289090535867806,.
12,50,16,2.1264172335600913,2.069894674245721,0.1447788106442136,0.15023189611507193,0.8392949954156566,0.8232378513787438,.
12,51,17,6.870995670995671,6.66617762996291,0.008760582881776877,0.00982597044576869,2.057466997265966,2.007624546455917,.
12,52,18,2.5952621452621454,2.939442446925815,0.1071837038658594,0.08644056555663593,0.9698712394484894,1.0632824003112087,.
12,53,19,0.8636345136345137,0.8833095357806213,0.35272359357132443,0.34729682372830006,0.4525654895382591,0.45929918859704144,.
12,54,20,.,.,.,.,.,.,.
12,55,21,0.40489795918367344,0.39800637304845576,0.5245705258806939,0.5281206489304578,0.2801961148264452,0.2772668517479398,.
12,56,22,3.542857142857143,5.334979083351569,0.059802365282306535,0.020901590944909704,1.223281638607922,1.6798206558842141,.
12,57,23,2.838827838827839,4.339083428251243,0.09201131228221326,0.03724696976585659,1.0361587752661188,1.4289090535867806,.
12,58,24,1.3587662337662336,1.333953402575564,0.2437514185126578,0.24810311931942775,0.6130528482430575,0.605367775450892,.
12,59,25,.,.,.,.,.,.,.
12,60,26,0.8618566618566619,0.8383388497063278,0.3532196390823079,0.35987229317409886,0.45195515756343707,0.4438515887035758,.
12,61,27,6.03896103896104,8.669155940841407,0.013993517137159281,0.003236410597363213,1.8540731160095043,2.4899363854352052,.
12,62,28,0.4157936507936508,0.41808367021593695,0.5190434282770628,0.5178948076389234,0.28479630328443084,0.2857584431529263,.
12,63,29,2.09959706959707,1.965849081703886,0.147337961331379,0.16088914869008997,0.831685343634507,0.7934732462859093,.
12,64,30,2.5952621452621454,2.939442446925815,0.1071837038658594,0.08644056555663593,0.9698712394484894,1.0632824003112087,.
12,65,31,0.4719924812030075,0.4813394363246427,0.49207195933638326,0.4878162326478228,0.3079713824815651,0.31174375213200417,.
12,66,32,5.199002267573697,5.074995296115965,0.022599856552172948,0.024273337921759147,1.6458943174365568,1.6148704980263864,.
12,67,33,2.09959706959707,1.965849081703886,0.147337961331379,0.16088914869008997,0.831685343634507,0.7934732462859093,.
13,0,34,2.1058686849512367,2.1174703235902816,0.14673499195869932,0.14562690252256472,0.833466307408016,0.8367583878125373,.
13,1,35,0.10074962518740631,0.10092883228224506,0.7509319023496789,0.7507178334419053,0.12439944485294382,0.1245232672647979,.
13,36,2,3.436526181353768,3.4854954620382648,0.06376964138182106,0.06190882639532158,1.1953860253262802,1.2082474288229348,.
13,37,3,3.351402950210288,3.3847528135838405,0.06714776164859731,0.06580204510084492,1.1729684598361438,1.1817606084801224,.
13,38,4,0.05233155779833661,0.052311880599486306,0.8190547439048694,0.8190881765564592,0.08668706993524683,0.08666934301298447,.
13,39,5,3.862068965517241,3.998274704205831,0.04938938891204159,0.04554686421107931,1.3063663472697156,1.3415415177624164,.
13,40,6,1.3399665492331234,1.3601990559646406,0.24703986740897987,0.24350298643819257,0.6072329544384473,0.6134957080194738,.
13,41,7,2.475685234305925,2.566097991962708,0.11561904461851924,0.10917673168543462,0.9369706236014455,0.9618699108747764,.
13,42,8,.,.,.,.,.,.,.
13,43,9,3.4256979145570443,3.5864616825143805,0.06418910666584726,0.058252149146505006,1.1925386684470938,1.2346880472075221,.
13,44,10,4.305156650903777,4.333171976509929,0.037996995687710505,0.03737653105827038,1.4202507404313354,1.4274010082584352,.
13,45,11,3.7513586476860947,3.7788975416014368,0.05276460598206395,0.05190284766683914,1.2776573005918748,1.2848088137880118,.
13,46,12,0.5125208538844187,0.5136048621871658,0.4740496292537484,0.47358248900360833,0.32417618874204823,0.32460436428704165,.
13,47,13,1.8595146871008945,1.950105047405355,0.1726808227760087,0.1625755313183006,0.7627558907186357,0.7889448179860393,.
13,48,14,1.1538527032779906,1.194922713494758,0.28274409382833454,0.2743388308808399,0.5486064581781156,0.5617127164796033,.
13,49,15,2.1883894547757743,2.21167702435577,0.13905464817768265,0.13696970287289834,0.8568144894019148,0.8633754863490242,.
13,50,16,4.255279175606028,4.280891827800858,0.03912851620565036,0.03854311997908144,1.4075066206890567,1.4140531330937585,.
13,51,17,2.6480069326477844,2.8087590297818275,0.1036798134872523,0.09375087224544076,0.9843057927382387,1.0280246829643014,.
13,52,18,0.9565554301500937,0.9640326581280795,0.32805626319824555,0.32617293950184534,0.48405166634603136,0.4865520724573506,.
13,53,19,1.5399151153940425,1.5588384684696486,0.21463044050490843,0.2118353718793765,0.6683086830887367,0.6740015204824863,.
13,54,20,.,.,.,.,.,.,.
13,55,21,2.4992917682572857,2.522505928407627,0.1138975080339929,0.1122321055198442,0.9434857777551854,0.9498828894649854,.
13,56,22,0.9565554301500937,0.9640326581280795,0.32805626319824555,0.32617293950184534,0.48405166634603136,0.4865520724573506,.
13,57,23,0.6861007939874446,0.6956525707057124,0.4074938202237266,0.40424836070436043,0.3898789730910856,0.3933517325557455,.
13,58,24,0.05721583652618137,0.05719588912561879,0.810951804924455,0.8109841385206973,0.09100495525532347,0.09098763977195097,.
13,59,25,.,.,.,.,.,.,.
13,60,26,1.9094650205761317,1.9168390720899682,0.16702269714453555,0.16620553826155926,0.7772245074462297,0.7793545088529865,.
13,61,27,1.3399665492331234,1.3601990559646404,0.24703986740897987,0.24350298643819257,0.6072329544384473,0.6134957080194738,.
13,62,28,2.935594708896177,3.0184377657309325,0.08664674783389392,0.08232273341608398,1.0622477332882059,1.084480217839724,.
13,63,29,1.161955275987369,1.1712890796970252,0.2810604022271159,0.27913652760229457,0.5512003365541613,0.5541833283336193,.
13,64,30,3.6977568195959,3.7213110910125637,0.05448567253553624,0.05372217188358863,1.2637176840865254,1.2698464379617922,.
13,65,31,0.7679262765131597,0.7682590532748326,0.3808593407511589,0.3807561675158091,0.41923538866731624,0.41935305320166527,.
13,66,32,4.891245467737408,5.13718062086326,0.026993206808098524,0.023418650577213318,1.5687455179506444,1.6304381333351414,.
13,67,33,0.8137363417056904,0.8160809209318547,0.3670179007894466,0.3663285098727458,0.4353127531198806,0.4361292806294966,.
14,0,34,2.164591495617449,2.368997151953237,0.14122214781039744,0.1237665367917491,0.8500971877207854,0.9073967612219412,.
14,1,35,0.5563689303797881,0.5633474799475635,0.4557269665726269,0.4529146276265743,0.3412952723015043,0.34398365283234855,.
14,36,2,3.90072258223155,4.196728620483959,0.04826534457475537,0.04050204099796581,1.316364588958373,1.392523091061382,.
14,37,3,7.715423096799308,7.447047364465056,0.005475102652186842,0.006354059891103617,2.261607733864945,2.196948695984598,.
14,38,4,0.8766568597137097,0.8831007562916949,0.3491189763934168,0.34735381148235,0.4570265444285487,0.4592279312889186,.
14,39,5,1.2634946471040946,1.2581475228901358,0.2609906367126056,0.26200203069631733,0.5833750731099582,0.5816953425856466,.
14,40,6,1.4665194711674368,1.4555911108889927,0.22589564662147776,0.22763292597385787,0.6460921385638675,0.6427649191902922,.
14,41,7,0.31123998966855065,0.31081103758276746,0.5769202731327323,0.5771829262391637,0.2388841995494356,0.2386865243383985,.
14,42,8,.,.,.,.,.,.,.
14,43,9,1.8007331014742916,1.8200531756848373,0.1796238917479671,0.1773069472350911,0.7456358983802077,0.7512742475533127,.
14,44,10,0.21981724253580837,0.21943395773206698,0.6391792056721272,0.6394715530083799,0.19437736230599925,0.19417877041328094,.
14,45,11,7.876285652143678,9.036754651553387,0.005008724960759756,0.0026460495726014464,2.300272815646052,2.577402023751847,.
14,46,12,6.110095734234578,6.915979593899976,0.013441184802581566,0.008542882866319199,1.8715624477595416,2.0683955483204004,.
14,47,13,1.9199480787778085,2.046009918342536,0.16586238421907318,0.15260568162914545,0.7802520960636401,0.8164292969561577,.
14,48,14,2.3456731145745615,2.357891383097354,0.12563128495310694,0.12465057684331993,0.9009021982529293,0.9043057073784901,.
14,49,15,1.1746649517230914,1.185025059878647,0.27844478771507974,0.27633536245079793,0.5552609073765419,0.558563535153891,.
14,50,16,7.918604638885164,8.290397312006766,0.004892899473248481,0.003985526774384178,2.310433706917755,2.399514268975831,.
14,51,17,2.481530051743735,2.541075497205277,0.1151901459798843,0.11091921008512307,0.9385846713433967,0.9549932319258904,.
14,52,18,5.3808332182604355,5.187432033485344,0.02035915240568628,0.022750809674509126,1.6912403065511796,1.643003142702948,.
14,53,19,0.4923485035002056,0.4814810782864978,0.48288155706721936,0.48775221386362555,0.31615938150562445,0.3118007507052039,.
14,54,20,.,.,.,.,.,.,.
14,55,21,1.4497758122593738,1.4380725181244032,0.22856392873041298,0.23045150372073142,0.640992307577732,0.63742045371223,.
14,56,22,1.4359645787749613,1.4234528542184188,0.2307934772214446,0.23283591527474434,0.6367764695490786,0.6329500283065835,.
14,57,23,0.04533361139134243,0.04514537363759967,0.8313917710010722,0.8317369421964291,0.08019427839428853,0.08001400858544178,.
14,58,24,1.7845601176343213,1.8073853832508207,0.18159036579572885,0.17882219628695406,0.7409071965238705,0.7475785754357768,.
14,59,25,.,.,.,.,.,.,.
14,60,26,4.7949847450940535,5.040416983547197,0.028542709358778506,0.024762528758874663,1.5445048047420717,1.606205007069214,.
14,61,27,2.1169033260290497,2.1329797601008487,0.1456808374863653,0.14416027542896592,0.8365975705446737,0.8411543966121974,.
14,62,28,3.359171986135193,3.3806815461583826,0.06683166388706097,0.06596477197726341,1.1750177262476424,1.180687934464301,.
14,63,29,3.159924262834151,3.1247657887556772,0.07546668437756138,0.07711095178117716,1.1222447302810399,1.1128839363413048,.
14,64,30,1.1841494272705433,1.3345461871337911,0.27651287073710606,0.2479980539189227,0.558284648952373,0.6055517271398696,.
14,65,31,0.9821124070913898,0.9839025583410606,0.32167784276064415,0.32123722286196554,0.4925788523656335,0.49317413728211934,.
14,66,32,1.1841494272705433,1.3345461871337911,0.27651287073710606,0.2479980539189227,0.558284648952373,0.6055517271398696,.
14,67,33,1.4265701098876633,1.379702591394526,0.2323250149645424,0.240151813326134,0.6339040262041709,0.6195141297638876,.
16,0,34,2.791276461418135,2.802631422621833,0.09477870317044013,0.09410973807898704,1.023289237921645,1.0263654352852694,.
16,1,35,0.585711363541504,0.5883098719403441,0.44408231608274473,0.4430734259446276,0.35253652063536384,0.35352429671110364,.
16,36,2,1.8923048241953957,1.9273787389648713,0.16894218924886817,0.1650455095387634,0.7722618822822802,0.7823962872019867,.
16,37,3,2.902121781405302,2.920782805070877,0.08846303942647749,0.08744543245677461,1.0532381431546292,1.058262870126117,.
16,38,4,0.3229639970690401,0.32358886796773256,0.5698318123808861,0.5694588072371961,0.24425330877184562,0.24453768587216534,.
16,39,5,2.434976676225995,2.4376126823030755,0.11865565979196613,0.11845638288673821,0.9257115414095933,0.9264415328491669,.
16,40,6,6.74616687441551,6.982541194468755,0.009394931001321133,0.008230865429644851,2.0271064051169976,2.084554498741654,.
16,41,7,1.7382181602397078,1.7479947114805787,0.18736475606739333,0.18612902377556306,0.7273120979996769,0.7301859004707446,.
16,42,8,.,.,.,.,.,.,.
16,43,9,4.910969692511536,5.225963324772164,0.026686655198702225,0.02225211761544571,1.5737058555784083,1.652628653225005,.
16,44,10,1.1451131420294984,1.1481299571773302,0.2845744816622131,0.2839409574506596,0.5458040465221724,0.5467719575556691,.
16,45,11,1.473697780683738,1.472964497946397,0.22476317226913944,0.22487854457169076,0.6482748469755182,0.6480519781731564,.
16,46,12,0.9446594748920331,0.9454619840744202,0.33108241777067393,0.3308771064453139,0.4800638819719567,0.48033328085594706,.
16,47,13,3.231800520926369,3.2348114689137732,0.07222124387823436,0.07208860021185154,1.141335035920252,1.1421334073543796,.
16,48,14,1.0721328425875414,1.0709834310621267,0.30046418370199524,0.30072341765597765,0.5222072898763538,0.5218327516042403,.
16,49,15,0.3060011620948847,0.306462759231636,0.5801444619316278,0.5798589327323955,0.2364638491822828,0.23667764813963693,.
16,50,16,0.48769832107994515,0.48799923328702516,0.48495583108788076,0.4848211606560201,0.3142978143633529,0.314418433075297,.
16,51,17,4.833845957326829,4.843719168452387,0.02790631228203999,0.02774699135200151,1.5542975501604577,1.5567841011921735,.
16,52,18,3.16488519524939,3.547244496970385,0.07523772554372915,0.05964442108528456,1.1235643417598578,1.2244301723655837,.
16,53,19,2.3171706292697998,2.3179285002879637,0.12795257491007717,0.12789023856108195,0.8929509699722952,0.8931626025177557,.
16,54,20,.,.,.,.,.,.,.
16,55,21,1.7841383422778774,1.7830203165304517,0.18164198185308944,0.18177888591782354,0.7407837682599215,0.7404565625986653,.
16,56,22,1.2644409380784314,1.3065229454436116,0.26081215256108137,0.2530251612668881,0.5836721764859103,0.5968362896699161,.
16,57,23,0.13648525991996474,0.136694854507725,0.7118004470425023,0.7115891368394849,0.14764174357573714,0.1477706905019388,.
16,58,24,0.8322128641034839,0.8368081208744067,0.3616334358128993,0.36031124835342765,0.4417314224507383,0.4433221796715731,.
16,59,25,.,.,.,.,.,.,.
16,60,26,2.943077664372408,3.0217396252701234,0.0862462590416363,0.08215529504822311,1.0642597335046515,1.08536444031028,.
16,61,27,4.8171735241502684,4.861069509620637,0.028177514518914565,0.02746930272381934,1.5500973177676869,1.5611523644979308,.
16,62,28,5.223093634771023,5.263940104182994,0.022288865268788483,0.02177167626300036,1.651912040988038,1.6621081321097793,.
16,63,29,1.17382274405055,1.1872248679538702,0.2786171595546526,0.27589004883244206,0.5549921396334996,0.55926396394669,.
16,64,30,1.913203466803022,1.9207041327683028,0.16660784617689672,0.1657790579619266,0.7783045499214764,0.7804703325674975,.
16,65,31,0.5693945674423805,0.56991138952284,0.45049959947981777,0.4502941299705886,0.34630559079764267,0.3465037144583383,.
16,66,32,1.4172763818161336,1.416080183766649,0.2338522179357645,0.23404966459157917,0.6310585067360378,0.6306919769083859,.
16,67,33,2.603207554907019,2.6477091900515592,0.1066476757694158,0.10369923703755735,0.972048604926381,0.9842244389011972,.
18,0,34,2.1818181818181817,2.9546581739043987,0.13964939861042935,0.08563041212878963,0.8549609302152811,1.067371965766511,.
18,1,35,.,.,.,.,.,.,.
18,36,2,0.8983957219251338,1.4529682440904514,0.3432122415528215,0.22805226920033883,0.46443723031043327,0.6419656020186034,.
18,37,3,0.5741626794258373,0.9812883985221067,0.44860950370628305,0.3218809282035182,0.3481315302103028,0.49230475497437076,.
18,38,4,0.27272727272727276,0.25847152798603296,0.6015081344405898,0.6111721853001311,0.2207584951424672,0.21383641890478533,.
18,39,5,0.7272727272727273,1.2101717363465627,0.3937686346429927,0.2712981126169727,0.4047588802344018,0.5665532275538672,.
18,40,6,1.090909090909091,1.7114820264897403,0.2962698714842864,0.19079319800005134,0.5283125109006681,0.7194371124605454,.
18,41,7,1.5584415584415585,2.284870274620264,0.21189355203127813,0.1306410645750531,0.6738822587674598,0.8839202892543386,.
18,42,8,.,.,.,.,.,.,.
18,43,9,0.7272727272727272,1.2101717363465627,0.39376863464299283,0.2712981126169727,0.4047588802344017,0.5665532275538672,.
18,44,10,6.545454545454546,6.129957167157955,0.010515245935858883,0.013291009108955545,1.9781805653611733,1.8764420443534524,.
18,45,11,1.1253588516746413,0.9288050272510269,0.2887674737463283,0.3351736306191653,0.5394517265041261,0.4747301562919552,.
18,46,12,0.2727272727272727,0.2584715279860329,0.6015081344405899,0.6111721853001311,0.22075849514246712,0.21383641890478533,.
18,47,13,0.8983957219251338,1.4529682440904514,0.3432122415528215,0.22805226920033883,0.46443723031043327,0.6419656020186034,.
18,48,14,.,.,.,.,.,.,.
18,49,15,1.8461538461538463,2.605728616499693,0.1742313882480251,0.1064782103828863,0.7588736029739194,0.9727392568137032,.
18,50,16,0.7272727272727273,1.2101717363465627,0.3937686346429927,0.2712981126169727,0.4047588802344018,0.5665532275538672,.
18,51,17,1.5584415584415585,2.284870274620264,0.21189355203127813,0.1306410645750531,0.6738822587674598,0.8839202892543386,.
18,52,18,8.290909090909095,7.038010516603152,0.003984403707547705,0.007979762343598373,2.399636664455747,2.0980100427847046,.
18,53,19,6.545454545454546,6.129957167157955,0.010515245935858883,0.013291009108955545,1.9781805653611733,1.8764420443534524,.
18,54,20,.,.,.,.,.,.,.
18,55,21,0.45836516424751717,0.42008414441964265,0.49838900851255674,0.5168950608252465,0.3024315441879359,0.2865976176999606,.
18,56,22,0.5741626794258374,0.9812883985221066,0.44860950370628294,0.3218809282035182,0.34813153021030285,0.49230475497437076,.
18,57,23,.,.,.,.,.,.,.
18,58,24,1.1253588516746413,0.9288050272510269,0.2887674737463283,0.3351736306191653,0.5394517265041261,0.4747301562919552,.
18,59,25,.,.,.,.,.,.,.
18,60,26,3.054545454545455,3.7600787159319586,0.08051151994050215,0.05249010742032581,1.0941419744315604,1.279922538452911,.
18,61,27,1.8461538461538463,2.6057286164996936,0.1742313882480251,0.1064782103828863,0.7588736029739194,0.9727392568137032,.
18,62,28,0.7272727272727273,0.6372630939494723,0.3937686346429927,0.42470361160056636,0.4047588802344018,0.3719140458340729,.
18,63,29,0.2727272727272727,0.2584715279860329,0.6015081344405899,0.6111721853001311,0.22075849514246712,0.21383641890478533,.
18,64,30,1.5584415584415585,2.284870274620264,0.21189355203127813,0.1306410645750531,0.6738822587674598,0.8839202892543386,.
18,65,31,2.5785123966942156,3.337062299423296,0.10832342077591428,0.06773544249325603,0.9652776337342108,1.1691840277477243,.
18,66,32,0.8983957219251338,1.4529682440904517,0.3432122415528215,0.22805226920033883,0.46443723031043327,0.6419656020186034,.
18,67,33,1.8461538461538463,2.6057286164996936,0.1742313882480251,0.1064782103828863,0.7588736029739194,0.9727392568137032,.
20,0,34,2.1333333333333333,2.164612836390738,0.1441270348160154,0.1412201871887856,0.8412545481924469,0.8501032171791323,.
20,1,35,.,.,.,.,.,.,.
20,36,2,0.18285714285714283,0.183357735531821,0.6689292682527674,0.6685033949642675,0.17461980156180962,0.17489638285150508,.
20,37,3,0.5333333333333333,0.5352286234963433,0.4652088184521417,0.4644168944144301,0.33235206142251195,0.33309199001549206,.
20,38,4,0.5333333333333333,0.5352286234963429,0.4652088184521417,0.46441689441443024,0.33235206142251195,0.33309199001549195,.
20,39,5,1.2467532467532467,1.2586801325860473,0.2641734967468339,0.26190107140152685,0.5781107552073564,0.5818627249317008,.
20,40,6,1.6457142857142855,1.6891553030242554,0.19954324489433106,0.1937123562493881,0.6999629697329935,0.7128426762361023,.
20,41,7,7.384615384615384,9.714940550273349,0.006578413612826371,0.0018277599229338144,2.181878824054797,2.738080849626447,.
20,42,8,.,.,.,.,.,.,.
20,43,9,1.391304347826087,1.4118157476698483,0.23818494999202244,0.23475520255222349,0.6230856834154149,0.6293847742921566,.
20,44,10,2.0317460317460316,2.055290647078814,0.15404354654375108,0.1516783088579855,0.8123564911746618,0.8190765221588268,.
20,45,11,2.1333333333333333,2.2614701841991613,0.1441270348160154,0.13262809754302474,0.8412545481924469,0.8773644599793208,.
20,46,12,0.8205128205128205,0.8335943833209336,0.36503027183830405,0.36123523057955853,0.43767111815398074,0.44220990038466507,.
20,47,13,0.5818181818181818,0.5847797226783973,0.44560053289767665,0.44444489715931024,0.35105429845734815,0.3521820757355596,.
20,48,14,3.282051282051282,3.5288671069542366,0.07004133687461606,0.060308982712598436,1.154645573157869,1.2196179971140435,.
20,49,15,0.18285714285714286,0.1833577355318211,0.6689292682527674,0.6685033949642675,0.17461980156180962,0.17489638285150508,.
20,50,16,4.571428571428571,4.9692077493359506,0.03250944464571953,0.025802463622459387,1.4879904494321903,1.5883388255654873,.
20,51,17,1.6457142857142857,1.6891553030242554,0.19954324489433106,0.1937123562493881,0.6999629697329935,0.7128426762361023,.
20,52,18,2.1333333333333333,2.1646128363907375,0.1441270348160154,0.1412201871887856,0.8412545481924469,0.8501032171791323,.
20,53,19,2.1333333333333333,2.2614701841991613,0.1441270348160154,0.13262809754302474,0.8412545481924469,0.8773644599793208,.
20,54,20,.,.,.,.,.,.,.
20,55,21,1.2467532467532467,1.2586801325860475,0.2641734967468339,0.26190107140152696,0.5781107552073564,0.5818627249317005,.
20,56,22,0.8205128205128205,0.8335943833209334,0.36503027183830405,0.36123523057955853,0.43767111815398074,0.44220990038466507,.
20,57,23,0.18285714285714286,0.1833577355318211,0.6689292682527674,0.6685033949642675,0.17461980156180962,0.17489638285150508,.
20,58,24,0.5818181818181818,0.5847797226783973,0.44560053289767665,0.44444489715931024,0.35105429845734815,0.3521820757355596,.
20,59,25,.,.,.,.,.,.,.
20,60,26,2.0317460317460316,2.055290647078813,0.15404354654375108,0.1516783088579856,0.8123564911746618,0.8190765221588264,.
20,61,27,2.6666666666666665,2.762780474342327,0.10247043485974938,0.09648041995870216,0.9894014207487902,1.015560814808505,.
20,62,28,6.787878787878789,7.196759600181938,0.009177890025421367,0.007303534074872178,2.0372571505680104,2.136466940178881,.
20,63,29,0.8205128205128205,0.8335943833209336,0.36503027183830405,0.36123523057955853,0.43767111815398074,0.44220990038466507,.
20,64,30,0.5818181818181819,0.5847797226783972,0.44560053289767654,0.44444489715931024,0.35105429845734826,0.3521820757355596,.
20,65,31,1.6457142857142857,1.6891553030242554,0.19954324489433106,0.1937123562493881,0.6999629697329935,0.7128426762361023,.
20,66,32,2.1333333333333333,2.261470184199161,0.1441270348160154,0.13262809754302474,0.8412545481924469,0.8773644599793208,.
20,67,33,0.5333333333333333,0.535228623496343,0.4652088184521417,0.4644168944144301,0.33235206142251195,0.33309199001549206,.
21,0,34,1.9849624060150375,2.9772775117780754,0.15886860229020927,0.08444119908112557,0.7989619253191547,1.0734456082561532,.
21,1,35,.,.,.,.,.,.,.
21,36,2,.,.,.,.,.,.,.
21,37,3,1.9849624060150375,2.9772775117780754,0.15886860229020927,0.08444119908112557,0.7989619253191547,1.0734456082561532,.
21,38,4,0.06432748538011697,0.06213334083086819,0.7997824709404349,0.8031553365450751,0.09702811865369389,0.09520045063648443,.
21,39,5,1.9849624060150375,2.9772775117780754,0.15886860229020927,0.08444119908112557,0.7989619253191547,1.0734456082561532,.
21,40,6,1.0216718266253868,1.6815382707570519,0.31212277517802123,0.1947201778650518,0.5056745402957091,0.7105890424122064,.
21,41,7,1.3784461152882206,1.3232287583042854,0.24036600781724782,0.25001341061127735,0.6191269495694686,0.602036695334877,.
21,42,8,.,.,.,.,.,.,.
21,43,9,3.4736842105263155,4.634555404754383,0.0623522918292474,0.031334262016661535,1.2051475789055162,1.5039805293305597,.
21,44,10,0.0036758563074352547,0.0036505345682118773,0.9516548043240852,0.9518214057638217,0.021520555569004292,0.021444532463744576,.
21,45,11,1.0216718266253868,1.6815382707570519,0.31212277517802123,0.1947201778650518,0.5056745402957091,0.7105890424122064,.
21,46,12,1.6210526315789477,2.513440301286865,0.20294507558472907,0.11287926646693958,0.6926214822738967,0.9473858214577795,.
21,47,13,2.404858299595141,3.4802053053221176,0.1209590766366817,0.0621070338906583,0.9173615370968743,1.2068592113063643,.
21,48,14,1.3026315789473684,2.0830309217681187,0.2537330944017635,0.14894417084050238,0.5956228840643927,0.8269764888997049,.
21,49,15,1.6210526315789477,2.513440301286865,0.20294507558472907,0.11287926646693958,0.6926214822738967,0.9473858214577795,.
21,50,16,0.22249742002063982,0.20632982944535994,0.6371435629100989,0.6496593819361444,0.1957627002315899,0.18731428538552825,.
21,51,17,2.894736842105263,4.029469536581104,0.08886928647264591,0.044711997556579425,1.0512483067478613,1.349575927125469,.
21,52,18,3.818782249742002,3.1889817511015863,0.050681059630184655,0.07413617684650081,1.295154313545281,1.1299698140075563,.
21,53,19,2.894736842105263,4.029469536581104,0.08886928647264591,0.044711997556579425,1.0512483067478613,1.349575927125469,.
21,54,20,.,.,.,.,.,.,.
21,55,21,0.0036758563074352547,0.003650534568211891,0.9516548043240852,0.9518214057638217,0.021520555569004292,0.021444532463744576,.
21,56,22,1.3026315789473684,2.0830309217681187,0.2537330944017635,0.14894417084050238,0.5956228840643927,0.8269764888997049,.
21,57,23,1.0216718266253868,1.6815382707570519,0.31212277517802123,0.1947201778650518,0.5056745402957091,0.7105890424122064,.
21,58,24,1.9445279866332494,1.8018379633998416,0.16317773465372443,0.17949045279478548,0.7873391003413734,0.7459586468562045,.
21,59,25,.,.,.,.,.,.,.
21,60,26,0.06432748538011697,0.06213334083086819,0.7997824709404349,0.8031553365450751,0.09702811865369389,0.09520045063648443,.
21,61,27,1.9849624060150375,2.9772775117780754,0.15886860229020927,0.08444119908112557,0.7989619253191547,1.0734456082561532,.
21,62,28,0.6304093567251462,0.6334009433208925,0.42720519893404174,0.426110562976902,0.3693634707392675,0.3704776998156913,.
21,63,29,.,.,.,.,.,.,.
21,64,30,1.6210526315789477,2.513440301286865,0.20294507558472907,0.11287926646693958,0.6926214822738967,0.9473858214577795,.
21,65,31,0.08247113510271405,0.08413671206190237,0.7739761220413227,0.7717678195417876,0.11127243754146736,0.11251333419530053,.
21,66,32,1.9445279866332494,1.8018379633998416,0.16317773465372443,0.17949045279478548,0.7873391003413734,0.7459586468562045,.
21,67,33,3.4736842105263155,4.634555404754383,0.0623522918292474,0.031334262016661535,1.2051475789055162,1.5039805293305597,.
